...1,DATE,CV,SEM,ADNW1,ADNW2,ADNW3,SNS,AFF,DOUGA,BRAND,GT,SEM_lag1,SEM_lag2,Digital_Weighted,TV_Like_Weighted,SEM_TimeWeighted,GAMEPR230324,GAMEPR230727,INFLU230402,INFLU230404,INFLU230408,INFLU230821,CP230317,CP230421,CP230811,obon230812,GW230429,GW230430,INFLU_campaigns,GAMEPR_campaigns,CP_campaigns
1,2023-03-10,"172,3528159",8676,0,0,0,"5125,302904","21072,84563",0,"224,4897221",63,15180,"11618,4","11261,42119",0,"11090,0472",0,0,0,0,0,0,0,0,0,0,0,0,0,0,0
2,2023-03-11,"282,3648615","11055,6",0,0,0,"5486,550107","19546,31562",0,"211,3344311",76,8676,15180,"11878,61783",0,"11986,08038",0,0,0,0,0,0,0,0,0,0,0,0,0,0,0
3,2023-03-12,"266,4990139","16449,6",0,0,0,"4687,27343","12492,84883",0,"276,9796393",81,"11055,6",8676,"11826,7793",0,"12587,65975",0,0,0,0,0,0,0,0,0,0,0,0,0,0,0
4,2023-03-13,"236,5150833","30943,8",0,0,0,"4547,048446","18510,04304",0,"306,4889705",57,"16449,6","11055,6","19801,39668",0,"20915,19439",0,0,0,0,0,0,0,0,0,0,0,0,0,0,0
5,2023-03-14,"285,0748309",21978,0,0,0,"3753,756699","10651,48586",0,"231,6684644",68,"30943,8","16449,6","13407,6863",0,"21963,40369",0,0,0,0,0,0,0,0,0,0,0,0,0,0,0
6,2023-03-15,"235,2878437","19600,2",0,0,0,"5634,247044","26046,21846",0,"309,232457",63,21978,"30943,8","17537,74124",0,"24063,43616",0,0,0,0,0,0,0,0,0,0,0,0,0,0,0
7,2023-03-16,"273,3484633","25208,4",0,0,0,"6696,085747","21950,70697",0,"278,9058732",65,"19600,2",21978,"18883,967",0,"22885,08343",0,0,0,0,0,0,0,0,0,0,0,0,0,0,0
8,2023-03-17,"396,5268579","39443,4",0,0,0,"2798,200638","22089,74029",0,"274,6762164",71,"25208,4","19600,2","24138,34475",0,"29485,8004",0,0,0,0,0,0,1,0,0,0,0,0,0,0,1
9,2023-03-18,"306,8114786","39337,8",0,0,0,"5591,055141","17412,12378",0,"317,5267851",85,"39443,4","25208,4","23248,98842",0,"34433,03961",0,0,0,0,0,0,0,0,0,0,0,0,0,0,0
10,2023-03-19,"291,3017974","53527,2",0,0,0,"4467,740963","13757,66038",0,"262,4633618",76,"39337,8","39443,4","27907,71715",0,"45587,78654",0,0,0,0,0,0,0,0,0,0,0,0,0,0,0
11,2023-03-20,"269,612663","72127,2",0,0,0,"4521,511199","24351,77867",0,"329,2788819",76,"53527,2","39337,8","39075,27709",0,"56723,42648",0,0,0,0,0,0,0,0,0,0,0,0,0,0,0
12,2023-03-21,"240,3447756",38067,0,0,0,"5706,358151","6764,305504",0,"258,2096272",78,"72127,2","53527,2","19456,70023",0,"50726,83204",0,0,0,0,0,0,0,0,0,0,0,0,0,0,0
13,2023-03-22,"205,1957332","32585,4",0,0,0,"3540,288288","13259,37097",0,"255,7435228",58,38067,"72127,2","18667,45403",0,"47544,44559",0,0,0,0,0,0,0,0,0,0,0,0,0,0,0
14,2023-03-23,"321,4463466",36579,0,0,0,"4954,778104","20963,10941",0,"295,9694604",69,"32585,4",38067,"23035,3492",0,"36245,67015",0,0,0,0,0,0,0,0,0,0,0,0,0,0,0
15,2023-03-24,"939,422242","32232,6",0,0,0,"6700,336725","13721,64439",0,"351,3621481",76,36579,"32585,4","19333,5106",0,"33283,15306",1,0,0,0,0,0,0,0,0,0,0,0,0,1,0
16,2023-03-25,"320,398159","39535,2",0,0,0,"6461,638021","18710,02956",0,"294,5077037",80,"32232,6",36579,"23917,83292",0,"36945,91902",0,0,0,0,0,0,0,0,0,0,0,0,0,0,0
17,2023-03-26,"375,6610907",37986,0,0,0,"6112,902282","24756,00928",0,"304,2391222",83,"39535,2","32232,6","25046,89069",0,"36310,23676",0,0,0,0,0,0,0,0,0,0,0,0,0,0,0
18,2023-03-27,"230,3895109","38499,6",0,0,0,"2494,49853","16788,2502",0,"290,1904097",68,37986,"39535,2","22041,17654",0,"38751,1388",0,0,0,0,0,0,0,0,0,0,0,0,0,0,0
19,2023-03-28,"279,954319","35256,6",0,0,0,"4769,227543","17600,12201",0,"254,6664032",70,"38499,6",37986,"21399,33758",0,"36900,47061",0,0,0,0,0,0,0,0,0,0,0,0,0,0,0
20,2023-03-29,"235,068107","44691,6",0,0,0,"5866,4083","11308,43662",0,"334,6351795",72,"35256,6","38499,6","23701,47485",0,"40518,85553",0,0,0,0,0,0,0,0,0,0,0,0,0,0,0
21,2023-03-30,"290,3164947","33324,6",0,0,0,"7416,127245","25865,05848",0,"341,8674844",68,"44691,6","35256,6","23687,39005",0,"36424,05888",0,0,0,0,0,0,0,0,0,0,0,0,0,0,0
22,2023-03-31,"206,2270156","31168,2",0,0,0,"4715,584181","23413,74289",0,"300,7423664",63,"33324,6","44691,6","21441,94913",0,"36344,34328",0,0,0,0,0,0,0,0,0,0,0,0,0,0,0
23,2023-04-01,"221,6900886","26112,6",0,0,0,"3373,092239","15203,55232",0,"223,4336807",77,"31168,2","33324,6","16482,72161",0,"29706,48087",0,0,0,0,0,0,0,0,0,0,0,0,0,0,0
24,2023-04-02,"815,4785183","42906,6",0,0,0,"3683,293597","22808,22405",0,"1102,994735",73,"26112,6","31168,2","26018,17489",0,"35229,26754",0,0,1,0,0,0,0,0,0,0,0,0,1,0,0
25,2023-04-03,"417,6188538","56409,6",0,0,0,"4143,332388","20115,71046",0,"632,7919333",67,"42906,6","26112,6","31019,10791",0,"42962,69278",0,0,0,0,0,0,0,0,0,0,0,0,0,0,0
26,2023-04-04,"647,1822436","41173,2",0,0,0,"3569,294803","26875,95048",0,"1142,977709",61,"56409,6","42906,6","26510,16097",0,"45029,13231",0,0,0,1,0,0,0,0,0,0,0,0,1,0,0
27,2023-04-05,"485,1840137","33084,6",0,0,0,"5477,593858","20829,78886",0,"682,1361005",68,"41173,2","56409,6","21622,46755",0,"42944,75272",0,0,0,0,0,0,0,0,0,0,0,0,0,0,0
28,2023-04-06,"261,3383025",53298,0,0,0,"6210,437404","23233,87894",0,"518,7167592",65,"33084,6","41173,2","31098,68042",0,"44756,2192",0,0,0,0,0,0,0,0,0,0,0,0,0,0,0
29,2023-04-07,"301,1735936","32211,6",0,0,0,"4649,504389","14462,46193",0,"300,1843979",66,53298,"33084,6","19115,51692",0,"37015,87889",0,0,0,0,0,0,0,0,0,0,0,0,0,0,0
30,2023-04-08,"502,8155509","26930,4",0,0,0,"4649,408892","24288,44942",0,"760,2105673",77,"32211,6",53298,"19898,25453",0,"37252,48825",0,0,0,0,1,0,0,0,0,0,0,0,1,0,0
31,2023-04-09,"414,5933143","32369,4",0,0,0,"3825,363036","27405,99262",0,"577,7382348",63,"26930,4","32211,6","22990,91847",0,"31153,68761",0,0,0,0,0,0,0,0,0,0,0,0,0,0,0
32,2023-04-10,"431,2853892","52018,2",0,0,0,"2744,656866","21064,62608",0,"523,4120116",63,"32369,4","26930,4","29149,05223",0,"39076,364",0,0,0,0,0,0,0,0,0,0,0,0,0,0,0
33,2023-04-11,"318,7999165",17037,0,0,0,"5657,591954","22507,73837",0,"373,4488482",56,"52018,2","32369,4","15365,55019",0,"29848,80633",0,0,0,0,0,0,0,0,0,0,0,0,0,0,0
34,2023-04-12,"154,6239049","7611,6",0,0,0,"5596,970494","15164,01203",0,"243,1581349",60,17037,"52018,2","9091,378032",0,"25108,73747",0,0,0,0,0,0,0,0,0,0,0,0,0,0,0
35,2023-04-13,"228,4229867","6199,2",0,0,0,"5469,160113","24947,09411",0,"346,8526173",55,"7611,6",17037,"11475,88691",0,"10280,03383",0,0,0,0,0,0,0,0,0,0,0,0,0,0,0
36,2023-04-14,"113,134162",6744,0,0,0,"5513,684881","20816,99341",0,"200,5782271",59,"6199,2","7611,6","10445,36657",0,"6930,294668",0,0,0,0,0,0,0,0,0,0,0,0,0,0,0
37,2023-04-15,"241,5073203","7218,6",0,0,0,"5171,834472","20852,28749",0,"238,9832808",75,6744,"6199,2","10584,82409",0,"6761,828555",0,0,0,0,0,0,0,0,0,0,0,0,0,0,0
38,2023-04-16,"200,3290622","13519,8",0,0,0,"5656,20452","17270,69735",0,"292,1674495",77,"7218,6",6744,"12260,31689",0,"9812,222387",0,0,0,0,0,0,0,0,0,0,0,0,0,0,0
39,2023-04-17,"177,2285777","17682,6",0,0,0,"4757,808837","21107,31548",0,"283,813435",61,"13519,8","7218,6","15016,757",0,"13145,18437",0,0,0,0,0,0,0,0,0,0,0,0,0,0,0
40,2023-04-18,"191,3029311",11532,0,0,0,"4615,73667","23941,7273",0,"235,1591951",55,"17682,6","13519,8","13248,16111",0,"13537,73733",0,0,0,0,0,0,0,0,0,0,0,0,0,0,0
41,2023-04-19,"235,920875","13590,6",0,0,0,"7493,441571","29523,22807",0,"295,1244922",59,11532,"17682,6","16453,33264",0,"14578,28309",0,0,0,0,0,0,0,0,0,0,0,0,0,0,0
42,2023-04-20,"198,0559703","14527,8",0,0,0,"2542,77087","20023,90834",0,"220,5118719",54,"13590,6",11532,"12872,04973",0,"13283,0867",0,0,0,0,0,0,0,0,0,0,0,0,0,0,0
43,2023-04-21,"292,9987115","6651,6",0,0,0,"2472,987161","25460,50387",0,"262,8715929",50,"14527,8","13590,6","11187,35503",0,"10752,19499",0,0,0,0,0,0,0,1,0,0,0,0,0,0,1
44,2023-04-22,"239,4189157","5839,2",0,0,0,"3478,542693","23420,98474",0,"253,3874567",68,"6651,6","14527,8","10429,06129",0,"9042,510872",0,0,0,0,0,0,0,0,0,0,0,0,0,0,0
45,2023-04-23,"195,0976514","17431,8",0,0,0,"6263,211743","15445,77349",0,"199,2952614",61,"5839,2","6651,6","13488,50831",0,"11198,59671",0,0,0,0,0,0,0,0,0,0,0,0,0,0,0
46,2023-04-24,"277,490639","26921,4",0,0,0,"4618,151378","11614,14053",0,"293,1189484",56,"17431,8","5839,2","15986,56563",0,"17544,39736",0,0,0,0,0,0,0,0,0,0,0,0,0,0,0
47,2023-04-25,"194,0540834","18083,4",0,0,0,"5326,804184","14904,06708",0,"296,7884878",53,"26921,4","17431,8","13398,77257",0,"19742,20028",0,0,0,0,0,0,0,0,0,0,0,0,0,0,0
48,2023-04-26,"204,1585305","15886,2",0,0,0,"5475,507932","23510,47902",0,"293,1884687",59,"18083,4","26921,4","15146,90665",0,"20203,34886",0,0,0,0,0,0,0,0,0,0,0,0,0,0,0
49,2023-04-27,"161,5103595","23725,8",0,0,0,"4656,110049","20620,2697",0,"256,3623049",61,"15886,2","18083,4","17410,33747",0,"20085,17417",0,0,0,0,0,0,0,0,0,0,0,0,0,0,0
50,2023-04-28,"246,2173175",22272,0,0,0,"5841,456313","22781,39396",0,"321,1237507",56,"23725,8","15886,2","17711,08313",0,"20355,34378",0,0,0,0,0,0,0,0,0,0,0,0,0,0,0
51,2023-04-29,"376,717071","15863,4",0,0,0,"6296,117262","13095,38907",0,"238,0230507",73,22272,"23725,8","12106,32094",0,"19972,82294",0,0,0,0,0,0,0,0,0,0,1,0,0,0,0
52,2023-04-30,"463,6183513","24646,8",0,0,0,"5393,454229","20220,19435",0,"281,58514",73,"15863,4",22272,"17835,28626",0,"21944,26565",0,0,0,0,0,0,0,0,0,0,0,1,0,0,0
53,2023-05-01,"252,9729318","20876,4",0,0,0,"4844,934791","22429,5332",0,"314,4922559",55,"24646,8","15863,4","16797,99056",0,"19932,83821",0,0,0,0,0,0,0,0,0,0,0,0,0,0,0
54,2023-05-02,"224,5788967","19779,6",0,0,0,"3275,783582","26094,97874",0,"230,3529681",75,"20876,4","24646,8","17126,22629",0,"21710,97863",0,0,0,0,0,0,0,0,0,0,0,0,0,0,0
55,2023-05-03,"259,153021","19809,6",0,0,0,"2905,233613","17293,75304",0,"329,0746534",80,"19779,6","20876,4","14350,9279",0,"20175,21937",0,0,0,0,0,0,0,0,0,0,0,0,0,0,0
56,2023-05-04,"257,0065721","22894,8",0,0,0,"5959,602403","14298,4573",0,"283,1004051",86,"19809,6","19779,6","15389,54145",0,"21150,06526",0,0,0,0,0,0,0,0,0,0,0,0,0,0,0
57,2023-05-05,"261,333459","9682,8",0,0,0,"5240,785994","22955,44851",0,"240,8448632",83,"22894,8","19809,6","12292,86674",0,"16033,72562",0,0,0,0,0,0,0,0,0,0,0,0,0,0,0
58,2023-05-06,"222,9277766","11629,8",0,0,0,"5682,588961","19009,99228",0,"300,6022567",77,"9682,8","22894,8","11999,05017",0,"15142,71334",0,0,0,0,0,0,0,0,0,0,0,0,0,0,0
59,2023-05-07,"171,7962618","13348,2",0,0,0,"4816,19294","12255,42524",0,"254,1248638",81,"11629,8","9682,8","10464,71835",0,"11703,27129",0,0,0,0,0,0,0,0,0,0,0,0,0,0,0
60,2023-05-08,"279,6167674","13663,2",0,0,0,"4662,609298","25358,86784",0,"300,0386203",56,"13348,2","11629,8","14598,98863",0,"12886,8786",0,0,0,0,0,0,0,0,0,0,0,0,0,0,0
61,2023-05-09,"203,2646999","10005,6",0,0,0,"3636,017153","12102,03896",0,"235,5155432",64,"13663,2","13348,2","8747,126162",0,"11951,78537",0,0,0,0,0,0,0,0,0,0,0,0,0,0,0
62,2023-05-10,"207,3220195","11320,2",0,0,0,"5932,05017","30177,01834",0,"255,4751413",54,"10005,6","13663,2","15358,06119",0,"11856,73024",0,0,0,0,0,0,0,0,0,0,0,0,0,0,0
63,2023-05-11,"233,329954","8904,6",0,0,0,"6030,818567","17064,57174",0,"328,3432106",61,"11320,2","10005,6","10317,68984",0,"9804,037194",0,0,0,0,0,0,0,0,0,0,0,0,0,0,0
64,2023-05-12,"122,1351432",9363,0,0,0,"5025,658665","24504,64768",0,"206,5996835",59,"8904,6","11320,2","12588,11922",0,"9947,704776",0,0,0,0,0,0,0,0,0,0,0,0,0,0,0
65,2023-05-13,"236,9204746",8268,0,0,0,"4685,564035","19976,85904",0,"258,5252754",74,9363,"8904,6","10657,16287",0,"8723,672408",0,0,0,0,0,0,0,0,0,0,0,0,0,0,0
66,2023-05-14,"152,7264718","10260,6",0,0,0,"4261,954599","16764,71134",0,"238,448172",76,8268,9363,"10423,96704",0,"9522,362024",0,0,0,0,0,0,0,0,0,0,0,0,0,0,0
67,2023-05-15,"272,5791142","10588,2",0,0,0,"6830,278052","30769,32676",0,"235,7397147",55,"10260,6",8268,"15421,10741",0,"9709,175014",0,0,0,0,0,0,0,0,0,0,0,0,0,0,0
68,2023-05-16,"126,4370968","9094,8",0,0,0,"6486,429028","6446,346156",0,"131,4187066",52,"10588,2","10260,6","7227,196242",0,"9820,037059",0,0,0,0,0,0,0,0,0,0,0,0,0,0,0
69,2023-05-17,"154,3554652",7287,0,0,0,"4061,480594","15869,65487",0,"223,5576327",59,"9094,8","10588,2","8843,525759",0,"8824,000516",0,0,0,0,0,0,0,0,0,0,0,0,0,0,0
70,2023-05-18,"280,1046285","18454,2",0,0,0,"7317,345206","24058,67695",0,"251,209743",53,7287,"9094,8","16798,25132",0,"12807,24766",0,0,0,0,0,0,0,0,0,0,0,0,0,0,0
71,2023-05-19,"216,4589321","16091,4",0,0,0,"3379,738827","12490,48415",0,"178,5736673",57,"18454,2",7287,"11395,32253",0,"13525,29473",0,0,0,0,0,0,0,0,0,0,0,0,0,0,0
72,2023-05-20,"239,984014","14047,2",0,0,0,"4584,878879","24415,25572",0,"253,4763563",72,"16091,4","18454,2","14454,97097",0,"16020,27001",0,0,0,0,0,0,0,0,0,0,0,0,0,0,0
73,2023-05-21,"257,1790915","23950,8",0,0,0,"6250,660716","17791,53654",0,"301,2812389",75,"14047,2","16091,4","16975,004",0,"19096,58975",0,0,0,0,0,0,0,0,0,0,0,0,0,0,0
74,2023-05-22,"227,3519541",29013,0,0,0,"4702,443802","21670,90661",0,"264,7888159",61,"23950,8","14047,2","19987,8733",0,"22713,75557",0,0,0,0,0,0,0,0,0,0,0,0,0,0,0
75,2023-05-23,"220,4483196","29356,8",0,0,0,"4532,227321","17686,46148",0,"236,924747",60,29013,"23950,8","18871,09831",0,"27398,21787",0,0,0,0,0,0,0,0,0,0,0,0,0,0,0
76,2023-05-24,"205,6605517","18001,2",0,0,0,"4448,835297","19721,5923",0,"193,1120981",47,"29356,8",29013,"14659,6089",0,"24264,5925",0,0,0,0,0,0,0,0,0,0,0,0,0,0,0
77,2023-05-25,"230,2594791",20151,0,0,0,"5404,222192","23827,93246",0,"254,1516013",61,"18001,2","29356,8","17039,71603",0,"22902,5383",0,0,0,0,0,0,0,0,0,0,0,0,0,0,0
78,2023-05-26,"270,6467468",17865,0,0,0,"4959,371507","22750,63599",0,"219,9977051",64,20151,"18001,2","15642,96213",0,"18400,32926",0,0,0,0,0,0,0,0,0,0,0,0,0,0,0
79,2023-05-27,"222,3582194",18591,0,0,0,"5427,324267","20163,5442",0,"207,6371151",68,17865,20151,"15254,54875",0,"18980,08475",0,0,0,0,0,0,0,0,0,0,0,0,0,0,0
80,2023-05-28,"298,2228636","23528,4",0,0,0,"4542,905243","20455,98654",0,"242,9130106",71,18591,17865,"17251,85154",0,"20499,7808",0,0,0,0,0,0,0,0,0,0,0,0,0,0,0
81,2023-05-29,"263,6925355","32912,4",0,0,0,"4165,572262","30363,01001",0,"222,9647708",55,"23528,4",18591,"24204,10044",0,"25915,60217",0,0,0,0,0,0,0,0,0,0,0,0,0,0,0
82,2023-05-30,"179,4709335",20388,0,0,0,"4565,037342","14572,01056",0,"264,8732591",56,"32912,4","23528,4","14112,44291",0,"24155,84924",0,0,0,0,0,0,0,0,0,0,0,0,0,0,0
83,2023-05-31,"205,6855353",15165,0,0,0,"5020,425432","21088,506",0,"268,0954609",55,20388,"32912,4","13998,28902",0,"22468,57666",0,0,0,0,0,0,0,0,0,0,0,0,0,0,0
84,2023-06-01,"211,9736594","13450,2",0,0,0,"4961,116373","24077,84455",0,"249,0872727",59,15165,20388,"14177,89424",0,"16235,5329",0,0,0,0,0,0,0,0,0,0,0,0,0,0,0
85,2023-06-02,"275,0075191",14382,0,0,0,"3065,799446","13352,16216",0,"223,002712",67,"13450,2",15165,"10868,04594",0,"14456,20656",0,0,0,0,0,0,0,0,0,0,0,0,0,0,0
86,2023-06-03,"276,8074612","18460,2",0,0,0,"7581,844456","16573,69472",0,"318,1971251",74,14382,"13450,2","14553,26293",0,"15842,79206",0,0,0,0,0,0,0,0,0,0,0,0,0,0,0
87,2023-06-04,"256,8938297","24595,2",0,0,0,"4525,385647","22631,27049",0,"322,7454752",68,"18460,2",14382,"18370,50623",0,"19724,37721",0,0,0,0,0,0,0,0,0,0,0,0,0,0,0
88,2023-06-05,"239,6369106",28206,0,0,0,"3827,584022","25324,34115",0,"226,4691518",53,"24595,2","18460,2","20583,40268",0,"24036,83658",0,0,0,0,0,0,0,0,0,0,0,0,0,0,0
89,2023-06-06,"180,6722614","19580,4",0,0,0,"4690,690856","20202,20341",0,"325,0107133",58,28206,"24595,2","15529,41787",0,"23169,89763",0,0,0,0,0,0,0,0,0,0,0,0,0,0,0
90,2023-06-07,"236,8341308","18107,4",0,0,0,"6788,232112","21421,32421",0,"229,406345",55,"19580,4",28206,"15726,48272",0,"21943,38729",0,0,0,0,0,0,0,0,0,0,0,0,0,0,0
91,2023-06-08,"217,342027","17080,2",0,0,0,"4085,96601","16325,63004",0,"253,0945857",57,"18107,4","19580,4","13146,03762",0,"18171,29048",0,0,0,0,0,0,0,0,0,0,0,0,0,0,0
92,2023-06-09,"252,9289578",25836,0,0,0,"4620,855306","23570,43746",0,"265,5991216",55,"17080,2","18107,4","19206,6191",0,"21272,34385",0,0,0,0,0,0,0,0,0,0,0,0,0,0,0
93,2023-06-10,"193,6740639",28974,0,0,0,"4112,489604","15320,39965",0,"290,5225881",76,25836,"17080,2","17890,86506",0,"24156,66776",0,0,0,0,0,0,0,0,0,0,0,0,0,0,0
94,2023-06-11,"298,8987124","19413,6",0,0,0,"3083,425453","26415,32552",0,"264,8714231",72,28974,25836,"17028,47507",0,"23693,45142",0,0,0,0,0,0,0,0,0,0,0,0,0,0,0
95,2023-06-12,"333,7215744","20026,8",0,0,0,"6950,877049","18688,26421",0,"287,7609984",55,"19413,6",28974,"15734,63278",0,"23016,06829",0,0,0,0,0,0,0,0,0,0,0,0,0,0,0
96,2023-06-13,"254,2893797",20436,0,0,0,"3282,970409","22744,85501",0,"205,17547",53,"20026,8","19413,6","16375,19925",0,"19992,13874",0,0,0,0,0,0,0,0,0,0,0,0,0,0,0
97,2023-06-14,"211,1169695","20422,2",0,0,0,"2746,261215","18872,687",0,"179,0181875",52,20436,"20026,8","15063,07949",0,"20287,25849",0,0,0,0,0,0,0,0,0,0,0,0,0,0,0
98,2023-06-15,"220,7276877","20746,2",0,0,0,"4615,253728","23654,84993",0,"277,8730605",56,"20422,2",20436,"17070,92866",0,"20568,88341",0,0,0,0,0,0,0,0,0,0,0,0,0,0,0
99,2023-06-16,"208,342695","22100,4",0,0,0,"5174,803063","22209,73106",0,"278,8984626",55,"20746,2","20422,2","17320,19547",0,"21226,18081",0,0,0,0,0,0,0,0,0,0,0,0,0,0,0
100,2023-06-17,"129,6547717","21575,4",0,0,0,"4566,703082","19328,4348",0,"202,0772487",70,"22100,4","20746,2","16080,86408",0,"21398,2711",0,0,0,0,0,0,0,0,0,0,0,0,0,0,0
101,2023-06-18,"256,1569711",21225,0,0,0,"4698,561169","28041,00182",0,"272,7818354",68,"21575,4","22100,4","18641,99816",0,"21605,05054",0,0,0,0,0,0,0,0,0,0,0,0,0,0,0
102,2023-06-19,"270,8966588","21613,8",0,0,0,"6823,54961","21502,7581",0,"300,8764006",57,21225,"21575,4","17247,44549",0,"21517,43893",0,0,0,0,0,0,0,0,0,0,0,0,0,0,0
103,2023-06-20,"200,6690099",21462,0,0,0,"6314,861947","21721,95769",0,"269,3121197",54,"21613,8",21225,"17142,06143",0,"21411,74597",0,0,0,0,0,0,0,0,0,0,0,0,0,0,0
104,2023-06-21,"273,9444159",21450,0,0,0,"4830,576144","18121,32501",0,"226,4470379",54,21462,"21613,8","15712,32259",0,"21509,68219",0,0,0,0,0,0,0,0,0,0,0,0,0,0,0
105,2023-06-22,"157,3583513","6166,8",0,0,0,"4114,781531","24050,70182",0,"290,0323816",56,21450,21462,"10897,55354",0,"14762,07775",0,0,0,0,0,0,0,0,0,0,0,0,0,0,0
106,2023-06-23,"86,71222797","11044,46985",0,0,0,"6782,125764","19961,94333",0,"201,871525",58,"6166,8",21450,"12277,95942",0,"13632,25797",0,0,0,0,0,0,0,0,0,0,0,0,0,0,0
107,2023-06-24,"270,2579814","6233,286078",0,0,0,"4054,235104","19030,65486",0,"208,4569108",67,"11044,46985","6166,8","9367,678456",0,"7236,807913",0,0,0,0,0,0,0,0,0,0,0,0,0,0,0
108,2023-06-25,"195,3748734","10601,69827",0,0,0,"8803,63781","22849,51511",0,"245,7074781",71,"6233,286078","11044,46985","13409,67947",0,"9823,884657",0,0,0,0,0,0,0,0,0,0,0,0,0,0,0
109,2023-06-26,"196,3998353","9736,506192",0,0,0,"6243,25561","20215,98225",0,"194,3777851",55,"10601,69827","6233,286078","11686,10664",0,"8699,472803",0,0,0,0,0,0,0,0,0,0,0,0,0,0,0
110,2023-06-27,"288,1514878","2586,810317",0,0,0,"6287,432497","26378,0476",0,"201,2632389",63,"9736,506192","10601,69827","10557,38465",0,"6907,559806",0,0,0,0,0,0,0,0,0,0,0,0,0,0,0
111,2023-06-28,"176,0835579","10365,66393",0,0,0,"3752,49614","19028,70513",0,"230,2885098",60,"2586,810317","9736,506192","11056,84672",0,"8486,251541",0,0,0,0,0,0,0,0,0,0,0,0,0,0,0
112,2023-06-29,"211,0041479","7021,688382",0,0,0,"6168,724339","16733,04956",0,"206,3447905",61,"10365,66393","2586,810317","9445,794796",0,"6188,733965",0,0,0,0,0,0,0,0,0,0,0,0,0,0,0
113,2023-06-30,"205,21183","10523,02925","16382,35305",0,0,"3317,021891","24152,44585",0,"264,0047855",63,"7021,688382","10365,66393","12607,93795","7317,71439","9720,965172",0,0,0,0,0,0,0,0,0,0,0,0,0,0,0
114,2023-07-01,"284,8331242","6949,02885","16925,79433",0,0,"1636,586729","23769,74185",0,"256,0823702",72,"10523,02925","7021,688382","10614,91435","7560,460228","7737,059335",0,0,0,0,0,0,0,0,0,0,0,0,0,0,0
115,2023-07-02,"285,9407643","7150,073791","19857,92794",0,0,"3161,749318","18485,63448",0,"259,440589",64,"6949,02885","10523,02925","9398,848814","8870,193711","8283,409543",0,0,0,0,0,0,0,0,0,0,0,0,0,0,0
116,2023-07-03,"273,4238204","11961,64978","14828,27217",0,0,"4985,448994","19278,225",0,"242,577513",53,"7150,073791","6949,02885","12073,88863","6623,533279","9186,825311",0,0,0,0,0,0,0,0,0,0,0,0,0,0,0
117,2023-07-04,"173,5386081","11101,4747","14539,84866",0,0,"5239,380824","21481,16897",0,"277,6229236",61,"11961,64978","7150,073791","12440,96579","6494,699476","9907,078189",0,0,0,0,0,0,0,0,0,0,0,0,0,0,0
118,2023-07-05,"237,846133","5333,861756","15583,08001",0,0,"2622,333467","20181,53514",0,"301,6447183",59,"11101,4747","11961,64978","9034,953586","6960,692917","8875,956128",0,0,0,0,0,0,0,0,0,0,0,0,0,0,0
119,2023-07-06,"216,0508867","5509,828518","15442,0765",0,0,"5249,316599","20943,63486",0,"189,4113983",49,"5333,861756","11101,4747","9904,129309","6897,709082","7422,232088",0,0,0,0,0,0,0,0,0,0,0,0,0,0,0
120,2023-07-07,"222,6770515","14609,26162","12511,87102",0,0,"5938,145604","21148,50991",0,"245,0509844",58,"5509,828518","5333,861756","13976,46231","5588,836861","9432,864095",0,0,0,0,0,0,0,0,0,0,0,0,0,0,0
121,2023-07-08,"261,1797608","11599,75729","16500,08714",0,0,"4666,617441","12630,47812",0,"225,7483763",83,"14609,26162","5509,828518","9806,115804","7370,304175","10118,26672",0,0,0,0,0,0,0,0,0,0,0,0,0,0,0
122,2023-07-09,"221,3267143","9757,986183","14947,87072",0,0,"6744,303518","15679,97975",0,"229,249852",60,"11599,75729","14609,26162","10405,81474","6676,955889","11842,78844",0,0,0,0,0,0,0,0,0,0,0,0,0,0,0
123,2023-07-10,"209,372589","6348,816916","15691,71461",0,0,"5908,522452","15890,60735",0,"220,6744699",55,"9757,986183","11599,75729","8845,41375","7009,218115","8907,475889",0,0,0,0,0,0,0,0,0,0,0,0,0,0,0
124,2023-07-11,"245,3498114","10747,86316","17904,04683",0,0,"5798,673682","17656,19805",0,"250,7111504",53,"6348,816916","9757,986183","11232,73061","7997,428738","9463,909799",0,0,0,0,0,0,0,0,0,0,0,0,0,0,0
125,2023-07-12,"171,8199084","8707,264007","14289,83312",0,0,"3528,484866","14604,99112",0,"243,5170273",52,"10747,86316","6348,816916","8943,518881","6383,021846","8320,27528",0,0,0,0,0,0,0,0,0,0,0,0,0,0,0
126,2023-07-13,"222,7216776","7697,588464","12005,45528",0,0,"3985,153979","25341,91713",0,"278,6745943",52,"8707,264007","10747,86316","11917,14411","5362,629687","8976,764821",0,0,0,0,0,0,0,0,0,0,0,0,0,0,0
127,2023-07-14,"230,2756318",9195,"13761,13475",0,0,"6329,178303","22153,35376",0,"206,1224063",55,"7697,588464","8707,264007","12070,89674","6146,861411","8705,36573",0,0,0,0,0,0,0,0,0,0,0,0,0,0,0
128,2023-07-15,"194,5191942","6899,104412","20897,22118",0,0,"3831,717676","18274,79655",0,"298,4610246",65,9195,"7697,588464","9370,216949","9334,428065","7667,501357",0,0,0,0,0,0,0,0,0,0,0,0,0,0,0
129,2023-07-16,"280,7768871","9072,959321","20104,35098",0,0,"5190,591436","18323,4261",0,"223,8937608",63,"6899,104412",9195,"10597,55167","8980,266631","8651,617192",0,0,0,0,0,0,0,0,0,0,0,0,0,0,0
130,2023-07-17,"148,6286231","7054,065256","11367,07185",0,0,"4672,339072","14296,26314",0,"231,6091202",79,"9072,959321","6899,104412","8390,550747","5077,474827","7430,858587",0,0,0,0,0,0,0,0,0,0,0,0,0,0,0
131,2023-07-18,"288,2242285",8520,"16472,31572",0,0,"5322,138476","25103,65226",0,"213,0461866",50,"7054,065256","9072,959321","12477,85583","7357,899161","8400,00086",0,0,0,0,0,0,0,0,0,0,0,0,0,0,0
132,2023-07-19,"202,6731331","6396,940555","9696,612026",0,0,"3009,892806","17364,3412",0,"281,8214765",52,8520,"7054,065256","8701,659635","4331,309252","7079,158499",0,0,0,0,0,0,0,0,0,0,0,0,0,0,0
133,2023-07-20,"130,1409959","6012,75635","14471,45921",0,0,"4727,278464","24754,20165",0,"256,0804863",56,"6396,940555",8520,"11179,2518","6464,151087","6969,08348",0,0,0,0,0,0,0,0,0,0,0,0,0,0,0
134,2023-07-21,"197,355128","6342,671006","22830,22484",0,0,"6856,564268","26806,70382",0,"272,3643749",62,"6012,75635","6396,940555","12404,88823","10197,86744","6291,192399",0,0,0,0,0,0,0,0,0,0,0,0,0,0,0
135,2023-07-22,"378,7839215","10820,58409","16166,44356",0,0,"7140,943252","14112,81806",0,"274,9652403",73,"6342,671006","6012,75635","10459,0173","7221,271344","8188,38013",0,0,0,0,0,0,0,0,0,0,0,0,0,0,0
136,2023-07-23,"143,6966591","9316,984708","15794,26923",0,0,"4023,107193","15404,4938",0,"228,9593183",73,"10820,58409","6342,671006","9553,840687","7055,027495","8600,631179",0,0,0,0,0,0,0,0,0,0,0,0,0,0,0
137,2023-07-24,"166,7374108","4484,614257","10501,66036",0,0,"5243,315299","17423,49246",0,"245,4640406",56,"9316,984708","10820,58409","8384,160267","4690,910448","7725,363027",0,0,0,0,0,0,0,0,0,0,0,0,0,0,0
138,2023-07-25,"275,3453538",19364,"14396,65782",0,0,"4913,681677","20132,54748","15536,664","389,4089237",57,"4484,614257","9316,984708","16311,7528","6430,738596","12685,07707",0,0,0,0,0,0,0,0,0,0,0,0,0,0,0
139,2023-07-26,"222,8155088",25300,"19988,61778",0,0,"4293,53271","15524,5471","11006,622","385,284304",62,19364,"4484,614257","17033,59936","8928,570608","16774,38128",0,0,0,0,0,0,0,0,0,0,0,0,0,0,0
140,2023-07-27,"1184,55563",14460,"25757,70638",0,0,"4704,525635","22063,89359","14221,548","816,1272014",63,25300,19364,"14708,25001","11505,52293","18483,41201",0,1,0,0,0,0,0,0,0,0,0,0,0,1,0
141,2023-07-28,"734,2823085",18426,"12231,60113",0,0,"6892,32378","12545,55405","7591,518","669,9411032",60,14460,25300,"13566,3053","5463,645139","19976,80064",0,0,0,0,0,0,0,0,0,0,0,0,0,0,0
142,2023-07-29,"529,7963524",27416,"20077,54817",0,0,"4807,178028","25387,48282","12362,13","461,5140261",66,18426,14460,"21151,10642","8968,294279","20979,43291",0,0,0,0,0,0,0,0,0,0,0,0,0,0,0
143,2023-07-30,"375,7944821",51573,"9201,155692",0,0,"5154,138888","18818,86765","25246,584","489,5974251",66,27416,18426,"30160,51243","4109,997458","34858,65732",0,0,0,0,0,0,0,0,0,0,0,0,0,0,0
144,2023-07-31,"366,6194988",36630,"21784,63335",0,0,"3553,095793","21291,55637","17995,428","441,0507656",60,51573,27416,"23841,66633","9730,819767","36605,67281",0,0,0,0,0,0,0,0,0,0,0,0,0,0,0
145,2023-08-01,"244,7732303",32667,"12170,6468",0,0,"3578,779014","15821,5767","12646,854","333,2143171",52,36630,51573,"20189,30957","5436,417889","40105,72694",0,0,0,0,0,0,0,0,0,0,0,0,0,0,0
146,2023-08-02,"311,4148713",42014,"19242,99583",0,0,"4302,899596","16707,9134","9483,012","319,0716199",60,32667,36630,"24411,30116","8595,514152","38141,80571",0,0,0,0,0,0,0,0,0,0,0,0,0,0,0
147,2023-08-03,"332,4664156",65739,"16458,11396",0,0,"2090,34455","24339,50618","4056,228","350,510934",60,42014,32667,"36063,13443","7351,55548","49143,00067",0,0,0,0,0,0,0,0,0,0,0,0,0,0,0
148,2023-08-04,"300,7341342",65563,"25100,76017",0,0,"4890,194886","22625,55773","4059,594","364,835939",56,65739,42014,"36057,79979","11212,07639","57388,39935",0,0,0,0,0,0,0,0,0,0,0,0,0,0,0
149,2023-08-05,"304,6879517",89212,"19215,47452",0,0,"6207,539754","24432,79191","10592,406","425,0831016",64,65563,65739,"47289,80146","8583,220858","75979,64423",0,0,0,0,0,0,0,0,0,0,0,0,0,0,0
150,2023-08-06,"358,1862408",120212,"16419,17849",0,0,"7844,652045","17177,44004","15858,81","387,7956128",72,89212,65563,"58851,62041","7334,163678","94539,04413",0,0,0,0,0,0,0,0,0,0,0,0,0,0,0
151,2023-08-07,"397,3698686",63445,"13969,14529",0,0,"5326,708687","18536,40702","8371,242","335,9056409",61,120212,89212,"34228,50726","6239,776126","84544,72006",0,0,0,0,0,0,0,0,0,0,0,0,0,0,0
152,2023-08-08,"337,3548695",54309,"13105,72559",0,0,"4431,127435","15345,83139","5530,536","363,3801519",71,63445,120212,"29022,50849","5854,101447","79240,74264",0,0,0,0,0,0,0,0,0,0,0,0,0,0,0
153,2023-08-09,"294,9273707",60965,"15077,00988",0,0,"5943,512532","13515,23456","4854,762","378,6243819",69,54309,63445,"31569,78585","6734,64012","60409,45026",0,0,0,0,0,0,0,0,0,0,0,0,0,0,0
154,2023-08-10,"284,423152",53721,"23440,62311",0,0,"4253,841452","17097,67735","4973,166","412,7749438",56,60965,54309,"29243,93312","10470,52182","55471,92176",0,0,0,0,0,0,0,0,0,0,0,0,0,0,0
155,2023-08-11,"468,1766472",65892,"15017,71537",0,0,"5450,193056","26219,89784","6466,68","441,3106965",69,53721,60965,"37554,55652","6708,154287","61576,5317",0,0,0,0,0,0,0,0,1,0,0,0,0,0,1
156,2023-08-12,"405,4980539",63310,"16441,1246",0,"50477,40969","3479,361238","11842,53738","5111,172","482,4715045",69,65892,53721,"31539,10694","10007,34708","60517,06127",0,0,0,0,0,0,0,0,0,1,0,0,0,0,0
157,2023-08-13,"341,2147615",64166,"21648,49109",0,"42444,00897","4069,933438","21776,85138","15536,664","429,3323067",76,63310,65892,"35655,25081","11909,51499","64585,23133",0,0,0,0,0,0,0,0,0,0,0,0,0,0,0
158,2023-08-14,"353,2636482",58761,"9535,194906",0,"49746,22028","3536,239218","11562,1629","11006,622","483,9578562",70,64166,63310,"29855,82117","6884,007126","61500,78436",0,0,0,0,0,0,0,0,0,0,0,0,0,0,0
159,2023-08-15,"411,5690247",74486,"20838,61334",0,"47852,11003","3545,46968","23407,94486","14221,548","525,0784845",71,58761,64166,"40354,29163","11833,1086","67531,42588",0,0,0,0,0,0,0,0,0,0,0,0,0,0,0
160,2023-08-16,"294,5847945","40355,18042","14792,36532",0,"49379,29033","4580,490112","11563,75452","7591,518","357,3266165",59,74486,58761,"22079,69722","9212,933802","54057,29813",0,0,0,0,0,0,0,0,0,0,0,0,0,0,0
161,2023-08-17,"297,1824692","50637,40456","22137,84471",0,"45040,99378","4942,742761","25009,88335","12362,13","510,7053564",65,"40355,18042",74486,"30920,61619","12265,12763","56759,81242",0,0,0,0,0,0,0,0,0,0,0,0,0,0,0
162,2023-08-18,"378,2782006","40722,60491","22241,49982",0,"47157,56076","3571,905962","15367,61379","25246,584","461,3436778",57,"50637,40456","40355,18042","24155,27858","12423,10671","42710,2939",0,0,0,0,0,0,0,0,0,0,0,0,0,0,0
163,2023-08-19,"352,1114078","54235,59297","16991,89185",0,"51079,56566","6979,29694","16482,17681","17995,428","531,2187957",66,"40722,60491","50637,40456","30564,65249","10285,13735","50097,13597",0,0,0,0,0,0,0,0,0,0,0,0,0,0,0
164,2023-08-20,"346,1340515","31223,69445","10816,50923",0,"50544,00175","5304,092282","21548,03956","12646,854","426,8144521",66,"54235,59297","40722,60491","21707,02283","7498,442113","39446,95809",0,0,0,0,0,0,0,0,0,0,0,0,0,0,0
165,2023-08-21,"770,5755159","58694,54991","15340,89067",0,"51771,90486","5236,665983","27064,95484","9483,012","1143,246872",59,"31223,69445","54235,59297","34878,69348","9584,194068","51277,30931",0,0,0,0,0,1,0,0,0,0,0,0,1,0,0
166,2023-08-22,"462,4163947","33930,57237","12320,71342",0,"45344,10108","4127,624505","22975,51424","4056,228","542,6116504",61,"58694,54991","31223,69445","22575,71384","7895,977595","38271,24872",0,0,0,0,0,0,0,0,0,0,0,0,0,0,0
167,2023-08-23,"307,2712848","14605,11167","22242,21832",0,"48463,78159","6445,954695","21653,92748","4059,594","374,3847279",58,"33930,57237","58694,54991","14460,10502","12492,34884","34104,32079",0,0,0,0,0,0,0,0,0,0,0,0,0,0,0
168,2023-08-24,"245,8738059","40240,41356","19454,23962",0,"49404,5902","4723,226665","16000,59937","10592,406","325,8023042",55,"14605,11167","33930,57237","23590,89425","11296,64752","32569,42806",0,0,0,0,0,0,0,0,0,0,0,0,0,0,0
169,2023-08-25,"359,2940009","50757,25322","17256,14099",0,"47037,73256","6502,374289","17985,57155","15858,81","478,6544315",62,"40240,41356","14605,11167","29332,66342","10189,91037","35905,75033",0,0,0,0,0,0,0,0,0,0,0,0,0,0,0
170,2023-08-26,"289,941652","41341,45921","16189,88578",0,"47991,27295","4343,474883","19854,44106","8371,242","420,6326409",69,"50757,25322","40240,41356","25042,30052","9763,94499","42966,82723",0,0,0,0,0,0,0,0,0,0,0,0,0,0,0
171,2023-08-27,"357,1677515","47699,40698","12240,305",0,"52448,30971","7397,595381","18844,41877","5530,536","421,2660754",80,"41341,45921","50757,25322","27926,06124","8234,905654","47408,97189",0,0,0,0,0,0,0,0,0,0,0,0,0,0,0
172,2023-08-28,"416,0042555","66599,92333","19384,79515",0,"42476,36879","4884,200406","15051,6667","4854,762","480,7181696",61,"47699,40698","41341,45921","34208,79731","10900,06851","53758,25608",0,0,0,0,0,0,0,0,0,0,0,0,0,0,0
173,2023-08-29,"371,0740177","58029,48191","20173,04512",0,"50364,76081","4620,75708","14386,24627","4973,166","434,9886487",50,"66599,92333","47699,40698","30316,3772","11668,38779","56256,04499",0,0,0,0,0,0,0,0,0,0,0,0,0,0,0
174,2023-08-30,"361,0104128","42482,37484","17034,42437",0,"52482,40553","3245,60382","23198,60192","6466,68","418,5496806",60,"58029,48191","66599,92333","26217,97378","10378,15507","54210,55663",0,0,0,0,0,0,0,0,0,0,0,0,0,0,0
175,2023-08-31,"469,8337822","54568,53624","16818,63766",0,"51281,4462","5117,92099","45049,2","15536,664","514,3958966",52,"42482,37484","58029,48191","38968,08602","10218,39968","53196,27099",0,0,0,0,0,0,0,0,0,0,0,0,0,0,0
176,2023-09-01,"326,1421389","44359,64012","12739,44478",0,0,"4553,547696","46448,4","11006,622","425,8833769",58,"54568,53624","42482,37484","34697,80137","5690,490134","45883,56793",0,0,0,0,0,0,0,0,0,0,0,0,0,0,0
177,2023-09-02,"380,8359752","38930,22959","22235,00603",0,0,"3514,362233","49316,4","14221,548","417,8959042",64,"44359,64012","54568,53624","33229,95568","9931,993471","45542,35766",0,0,0,0,0,0,0,0,0,0,0,0,0,0,0
178,2023-09-03,"457,4487568","63806,43309","14595,06863",0,0,"3942,641469","52128,6","7591,518","430,9327065",65,"38930,22959","44359,64012","44384,18864","6519,365284","51716,23679",0,0,0,0,0,0,0,0,0,0,0,0,0,0,0
179,2023-09-04,"353,2750009","73338,25589","9854,500306",0,0,"5311,682925","53599,8","12362,13","425,123595",55,"63806,43309","38930,22959","49435,23179","4401,835222","59305,17485",0,0,0,0,0,0,0,0,0,0,0,0,0,0,0
180,2023-09-05,"380,8422422","27637,98885","12797,80706",0,0,"6292,504749",72528,"25246,584","449,1878952",56,"73338,25589","63806,43309","36775,29132","5716,559555","50003,32524",0,0,0,0,0,0,0,0,0,0,0,0,0,0,0
181,2023-09-06,"384,7483206","54324,02996","11538,35699",0,0,"5608,110895",66330,"17995,428","471,0805106",60,"27637,98885","73338,25589","45653,31561","5153,984942","55259,98849",0,0,0,0,0,0,0,0,0,0,0,0,0,0,0
182,2023-09-07,"408,1266478","45806,31649","17641,19376",0,0,"5271,590579","68668,8","12646,854","421,6781663",46,"54324,02996","27637,98885","42393,98634","7880,016811","41288,22141",0,0,0,0,0,0,0,0,0,0,0,0,0,0,0
183,2023-09-08,"484,200611","80660,96153","16406,18636",0,0,"5184,644705","79699,2","9483,012","423,562813",57,"45806,31649","54324,02996","60392,78493","7328,360317","64038,59087",0,0,0,0,0,0,0,0,0,0,0,0,0,0,0
184,2023-09-09,"411,5202075","34156,54202","20202,47182",0,0,"5302,101853","93263,4","4056,228","504,8777479",70,"80660,96153","45806,31649","44556,86752","9024,095515","48143,17609",0,0,0,0,0,0,0,0,0,0,0,0,0,0,0
185,2023-09-10,"451,3383496","26703,31252","17802,31075",0,0,"4498,36274","97972,2","4059,594","458,3206999",60,"34156,54202","80660,96153","42671,44479","7951,984988","47110,2919",0,0,0,0,0,0,0,0,0,0,0,0,0,0,0
186,2023-09-11,"397,4154602","31877,26871","21982,55758",0,0,"6728,3528",74298,"10592,406","416,2618294",57,"26703,31252","34156,54202","38412,52548","9819,229108","31567,98862",0,0,0,0,0,0,0,0,0,0,0,0,0,0,0
187,2023-09-12,"396,9561069","46929,12181","20782,73398",0,0,"8643,6","69752,4","15858,81","450,1938424",58,"31877,26871","26703,31252","44098,15185","9283,288611","36663,77966",0,0,0,0,0,0,0,0,0,0,0,0,0,0,0
188,2023-09-13,"381,0793831","26848,87714","11344,70737",0,0,"23269,2",72912,"8371,242","415,9361453",54,"46929,12181","31877,26871","39255,70164","5067,485002","32887,53728",0,0,0,0,0,0,0,0,0,0,0,0,0,0,0
189,2023-09-14,"406,4707627","55073,3058","18173,10719",0,0,"22477,8","79632,6","5530,536","480,5771287",50,"26848,87714","46929,12181","52981,07666","8117,61336","46210,11645",0,0,0,0,0,0,0,0,0,0,0,0,0,0,0
190,2023-09-15,"412,9336849","31011,7424","14733,69382",0,0,"23356,8","87409,8","4854,762","482,5547377",57,"55073,3058","26848,87714","45311,92327","6581,286761","34694,78218",0,0,0,0,0,0,0,0,0,0,0,0,0,0,0
191,2023-09-16,"497,2475984","37854,38831","16910,79676",0,0,"23854,2","92124,6","4973,166","489,353142",72,"31011,7424","55073,3058","49780,14976","7553,761074","42398,85862",0,0,0,0,0,0,0,0,0,0,0,0,0,0,0
192,2023-09-17,"496,2019987","24592,14794","17580,51228",0,0,"26230,2","97016,4","6466,68","466,9255786",67,"37854,38831","31011,7424","46244,3516","7852,911438","29660,99425",0,0,0,0,0,0,0,0,0,0,0,0,0,0,0
193,2023-09-18,"464,4552097","15864,44351","20558,94372",0,0,"24238,8","93490,2","5111,172","517,1994237",62,"24592,14794","37854,38831","40955,87062","9183,325362","25395,41215",0,0,0,0,0,0,0,0,0,0,0,0,0,0,0
194,2023-09-19,"495,0314255","49762,53318","18701,22348",5547,0,"22342,2","88927,8","15536,664","545,2940986",56,"15864,44351","24592,14794","54105,20892","11130,08377","33751,09712",0,0,0,0,0,0,0,0,0,0,0,0,0,0,0
195,2023-09-20,"453,3132957","42120,11741","20430,31388",19246,0,22602,"86548,2","11006,622","563,9634358",51,"49762,53318","15864,44351","49936,85439","18759,52029","34594,96216",0,0,0,0,0,0,0,0,0,0,0,0,0,0,0
196,2023-09-21,"584,4258945","52410,40763","12980,9611",19149,0,"23229,6","84105,6","14221,548","569,6983561",53,"42120,11741","49762,53318","53862,21293","15383,46927","49291,07442",0,0,0,0,0,0,0,0,0,0,0,0,0,0,0
197,2023-09-22,"540,9553328","42788,86887","19289,33914",19764,0,23244,"89959,8","7591,518","583,0456492",60,"52410,40763","42120,11741","51221,23824","18509,15324","44608,89527",0,0,0,0,0,0,0,0,0,0,0,0,0,0,0
198,2023-09-23,"603,680502","44881,87197","21696,31232",32420,0,"27951,6",95043,"12362,13","643,5895054",77,"42788,86887","52410,40763","54938,06525","25919,31106","47060,6243",0,0,0,0,0,0,0,0,0,0,0,0,0,0,0
199,2023-09-24,"669,696695","25659,66735","14723,62571",100802,0,"38986,8","97469,4","25246,584","711,6884416",68,"44881,87197","42788,86887","50580,95562","57033,57813","35735,09407",0,0,0,0,0,0,0,0,0,0,0,0,0,0,0
200,2023-09-25,"635,306752","33767,06796","18420,50339",100303,0,"36516,6",91425,"17995,428","708,9444648",60,"25659,66735","44881,87197","51239,52068","58435,13342","35912,97364",0,0,0,0,0,0,0,0,0,0,0,0,0,0,0
201,2023-09-26,"600,6126029","28807,82641","18122,08909",52573,0,"27941,4","86560,8","12646,854","733,2441237",64,"33767,06796","25659,66735","45517,58916","34410,42085","28768,28293",0,0,0,0,0,0,0,0,0,0,0,0,0,0,0
202,2023-09-27,"502,0236106","40834,06348","21587,11838",28704,0,"22740,6","86413,2","9483,012","620,1590843",56,"28807,82641","33767,06796","49295,77756","24010,4794","35803,21458",0,0,0,0,0,0,0,0,0,0,0,0,0,0,0
203,2023-09-28,"493,503966","52631,51717","13687,11098",28460,0,"22595,4",67158,"4056,228","576,7585207",62,"40834,06348","28807,82641","48049,45615","20359,54739","41805,9879",0,0,0,0,0,0,0,0,0,0,0,0,0,0,0
204,2023-09-29,"520,6552686","55525,00635","15770,55416",29451,0,"22714,8","58948,8","4059,594","572,3619416",64,"52631,51717","40834,06348","46776,46741","21786,23396","49784,41506",0,0,0,0,0,0,0,0,0,0,0,0,0,0,0
205,2023-09-30,"592,5492897","38146,13147","14666,54582",30823,0,"25015,8",62496,"10592,406","536,8387274",68,"55525,00635","52631,51717","41338,49454","21979,85182","46906,22287",0,0,0,0,0,0,0,0,0,0,0,0,0,0,0
206,2023-10-01,"490,9128527","47797,75178","9931,607267",32549,0,"26013,6","64927,2","14417,1","557,3069531",64,"38146,13147","55525,00635","46605,12047","20728,79174","48432,79268",0,0,0,0,0,0,0,0,0,0,0,0,0,0,0
207,2023-10-02,"440,0492038","36253,31384","18605,23996",30514,0,"24271,8",60984,"7610,22","556,9482273",56,"47797,75178","38146,13147","39748,28318","23584,52751","39376,97407",0,0,0,0,0,0,0,0,0,0,0,0,0,0,0
208,2023-10-03,"403,3768595","46103,07325","20344,90323",40463,0,23289,"51600,6","5027,76","517,8118997",55,"36253,31384","47797,75178","40690,54279","29341,61132","44592,11243",0,0,0,0,0,0,0,0,0,0,0,0,0,0,0
209,2023-10-04,"403,9696755","26496,3911","21352,87802",47885,0,"23100,6","51565,8","4413,42","487,6422396",57,"46103,07325","36253,31384","32283,64796","33506,96395","34082,9568",0,0,0,0,0,0,0,0,0,0,0,0,0,0,0
210,2023-10-05,"525,3763085","14120,66932","14626,89185",47574,0,22995,"51253,2","4521,06","493,9629886",59,"26496,3911","46103,07325","26917,64597","30346,90988","27914,76013",0,0,0,0,0,0,0,0,0,0,0,0,0,0,0
211,2023-10-06,"540,9771732","47311,85992","16855,69048",59282,0,"25740,6","65301,6","5878,8","624,7415147",61,"14120,66932","26496,3911","45989,84629","37202,95553","32969,95075",0,0,0,0,0,0,0,0,0,0,0,0,0,0,0
212,2023-10-07,"424,1700082","3715,526974","13588,65363",61524,0,"36827,4","67873,8","4646,52","563,4498692",70,"47311,85992","14120,66932","30571,87666","36865,86738","16647,53882",0,0,0,0,0,0,0,0,0,0,0,0,0,0,0
213,2023-10-08,"583,4452663","13656,00848","16506,56274",65259,0,"39130,2","71439,6","5512,32","620,1500542",80,"3715,526974","47311,85992","36426,97574","40038,81415","23271,39379",0,0,0,0,0,0,0,0,0,0,0,0,0,0,0
214,2023-10-09,"498,1619437","26515,31996","20569,412",61243,0,"36611,4","67286,4","5414,4","552,7411356",100,"13656,00848","3715,526974","40064,83179","39843,39615","15820,25032",0,0,0,0,0,0,0,0,0,0,0,0,0,0,0
215,2023-10-10,"549,5777338","56423,25742","25581,51907",46905,0,"27945,6","63975,6","5833,62","695,4229593",70,"26515,31996","13656,00848","49916,7326","34905,28255","35126,82866",0,0,0,0,0,0,0,0,0,0,0,0,0,0,0
216,2023-10-11,"459,2883761","39486,39697","14829,69098",38476,0,"23211,6","63473,4","4652,64","584,0911173",77,"56423,25742","26515,31996","41499,47223","25883,46149","38577,36777",0,0,0,0,0,0,0,0,0,0,0,0,0,0,0
217,2023-10-12,"410,3235097","23738,78043","18148,53265",38150,0,"22888,2",63024,"4259,34","537,9555574",56,"39486,39697","56423,25742","34586,32073","27202,75036","38497,2655",0,0,0,0,0,0,0,0,0,0,0,0,0,0,0
218,2023-10-13,"537,8565547","44174,44426","14722,54341",38992,0,23505,"74875,8","4007,34","603,2832599",62,"23738,78043","39486,39697","47026,43494","26093,88609","38178,62467",0,0,0,0,0,0,0,0,0,0,0,0,0,0,0
219,2023-10-14,"587,2954136","37160,90997","19802,89896",41322,0,"25096,2","68413,8","6790,68","554,935111",79,"44174,44426","23738,78043","42551,42988","29529,48278","33976,94764",0,0,0,0,0,0,0,0,0,0,0,0,0,0,0
220,2023-10-15,"556,7981229","30326,63709","14206,08685",43391,0,"26042,4","71374,2","8768,88","621,6889703",85,"37160,90997","44174,44426","40871,34817","28065,12847","36614,16845",0,0,0,0,0,0,0,0,0,0,0,0,0,0,0
221,2023-10-16,"613,1059176","41230,90445","16620,14954",40981,0,"24489,6","67192,2",6327,"593,4681125",56,"30326,63709","37160,90997","43748,41662","27937,11481","37484,61756",0,0,0,0,0,0,0,0,0,0,0,0,0,0,0
222,2023-10-17,"441,3208242","10943,82707","12329,79928",38769,0,"23344,8","63934,2","5744,7","551,8952627",60,"41230,90445","30326,63709","29613,78074","24913,46516","24166,39206",0,0,0,0,0,0,0,0,0,0,0,0,0,0,0
223,2023-10-18,"527,9858963","25881,01562","18888,37475",43308,0,"22339,8",63420,"5773,86","597,1089804",61,"10943,82707","41230,90445","35583,3203","30115,07974","28046,32967",0,0,0,0,0,0,0,0,0,0,0,0,0,0,0
224,2023-10-19,"477,4918701","45580,65381","16052,26105",52391,0,"23158,8","68487,6","5071,5","471,5069954",57,"25881,01562","10943,82707","45641,31844","33394,76366","29297,97078",0,0,0,0,0,0,0,0,0,0,0,0,0,0,0
225,2023-10-20,"543,564766","43918,58066","16597,70321",53862,0,"23467,8",73026,"3723,66","599,2001537",65,"45580,65381","25881,01562","46325,0376","34374,71738","37983,09135",0,0,0,0,0,0,0,0,0,0,0,0,0,0,0
226,2023-10-21,"577,2878837","51425,42487","20181,01229",56140,0,"25156,8",77289,"4830,48","603,0816034",74,"43918,58066","45580,65381","51244,05987","37115,58046","47785,23703",0,0,0,0,0,0,0,0,0,0,0,0,0,0,0
227,2023-10-22,"544,4537977","21579,25347","15232,55166",59729,0,"25912,2","81173,4","7928,46","562,7939816",79,"51425,42487","43918,58066","40100,93539","36701,67482","35738,74479",0,0,0,0,0,0,0,0,0,0,0,0,0,0,0
228,2023-10-23,"489,9558117","16083,74542","18815,81981",40773,0,"24051,6",76170,"3020,76","535,2748352",66,"21579,25347","51425,42487","35563,71755","28813,76771","29581,06588",0,0,0,0,0,0,0,0,0,0,0,0,0,0,0
229,2023-10-24,"407,4161487","34763,4592","17911,89577",38823,0,"23524,2","72725,4","885,6","594,1343476",55,"16083,74542","21579,25347","42203,51526","27433,92122","26179,52446",0,0,0,0,0,0,0,0,0,0,0,0,0,0,0
230,2023-10-25,"481,8129517","42626,74575","21507,7104",38304,0,"22444,2","70863,6","527,4","526,1917234",55,"34763,4592","16083,74542","44718,45227","28780,32232","31692,47314",0,0,0,0,0,0,0,0,0,0,0,0,0,0,0
231,2023-10-26,"433,562968","34750,03847","20478,29882",38093,0,23292,"71891,4","588,78","585,8753804",59,"42626,74575","34763,4592","41875,41696","28214,88516","36435,60907",0,0,0,0,0,0,0,0,0,0,0,0,0,0,0
232,2023-10-27,"538,1401776","54942,71373","18048,75653",39144,0,"23826,6","75703,2","633,6","528,8395159",68,"34750,03847","42626,74575","51736,32562","27655,73222","46338,69027",0,0,0,0,0,0,0,0,0,0,0,0,0,0,0
233,2023-10-28,"549,6705952","15927,06222","11033,642",41388,0,"24949,2","86937,6","1143,72","549,1837189",79,"54942,71373","34750,03847","38900,37185","25645,44355","30817,07731",0,0,0,0,0,0,0,0,0,0,0,0,0,0,0
234,2023-10-29,"657,1455661","32779,74894","17890,86825",43416,0,"26003,4","90734,4","1700,28","618,0496243",75,"15927,06222","54942,71373","47477,6109","29723,57057","36912,19518",0,0,0,0,0,0,0,0,0,0,0,0,0,0,0
235,2023-10-30,"524,1945896","53010,16255","15794,26923",40785,0,"24344,4",81423,"806,76","587,1834278",61,"32779,74894","15927,06222","52796,40437","27470,09985","35761,13168",0,0,0,0,0,0,0,0,0,0,0,0,0,0,0
236,2023-10-31,"421,2531715","16891,17208","12914,50432",38765,0,"23428,8",72765,"1264,68","552,6963937",61,"53010,16255","32779,74894","34629,77343","25172,6406","30139,73663",0,0,0,0,0,0,0,0,0,0,0,0,0,0,0
237,2023-11-01,"534,8633698","63806,43309","14142,46769",38585,0,"23046,6","72064,8","1223,82","568,2085042",65,"16891,17208","53010,16255","54244,78603","25631,05103","50029,76478",0,0,0,0,0,0,0,0,0,0,0,0,0,0,0
238,2023-11-02,"462,5548597","34130,5532","19273,13649",38187,0,"37926,6","76857,6","498,24","486,8297896",56,"63806,43309","16891,17208","46255,30069","27723,61196","34451,56201",0,0,0,0,0,0,0,0,0,0,0,0,0,0,0
239,2023-11-03,"508,9676305","40827,17406","20461,35494",39073,0,55524,"87007,2","480,6","640,7742014",81,"34130,5532","63806,43309","55971,60073","28697,85899","47411,58957",0,0,0,0,0,0,0,0,0,0,0,0,0,0,0
240,2023-11-04,"617,1288888","49215,86434","15154,28055",41189,0,"60187,2","92260,2","1060,56","639,4090189",74,"40827,17406","34130,5532","62174,81825","27386,45155","42165,06972",0,0,0,0,0,0,0,0,0,0,0,0,0,0,0
241,2023-11-05,"670,6324056","49707,29843","20603,71814",43272,0,"64952,4","97187,4","1693,98","691,1008365",75,"49215,86434","40827,17406","64950,24485","30863,27411","46505,69212",0,0,0,0,0,0,0,0,0,0,0,0,0,0,0
242,2023-11-06,"572,0072963","53254,22545","16764,70917",40574,0,"60799,2","91147,8","230,28","637,7335187",58,"49707,29843","49215,86434","63631,7058","27797,96185","51089,02741",0,0,0,0,0,0,0,0,0,0,0,0,0,0,0
243,2023-11-07,"557,4079411","50581,40242","20003,60625",38565,0,21780,"86611,2",3543,"558,0719076",56,"53254,22545","49707,29843","52965,21056","28239,1094","50846,96005",0,0,0,0,0,0,0,0,0,0,0,0,0,0,0
244,2023-11-08,"545,4197437","41462,46748","16334,309",38356,0,"9533,279151","86338,2",8765,"614,3932933",58,"50581,40242","53254,22545","46685,28009","26495,48197","47520,54732",0,0,0,0,0,0,0,0,0,0,0,0,0,0,0
245,2023-11-09,"530,6339231","41023,76134","12677,41725",38314,0,"6874,93073","85968,6",0,"519,8805914",60,"41462,46748","50581,40242","45340,24957","24840,98829","44450,3835",0,0,0,0,0,0,0,0,0,0,0,0,0,0,0
246,2023-11-10,"536,2976481","39795,15906","16369,34273",39284,0,"15353,47681","88588,2",0,"595,8869532",64,"41023,76134","41462,46748","47432,15098","26975,64454","40638,7775",0,0,0,0,0,0,0,0,0,0,0,0,0,0,0
247,2023-11-11,"559,433694","42504,47556","15675,23911",41635,0,"8306,464022","94158,6",0,"530,2134138",80,"39795,15906","41023,76134","48794,80033","27842,40158","41409,94283",0,0,0,0,0,0,0,0,0,0,0,0,0,0,0
248,2023-11-12,"485,544418","44451,89698","15786,26113",43188,0,"11664,81868","96911,4",0,"584,6659985",80,"42504,47556","39795,15906","51184,53728","28669,35271","42412,38931",0,0,0,0,0,0,0,0,0,0,0,0,0,0,0
249,2023-11-13,"568,9979636","44095,7616","17679,6563",40582,0,"11415,25447","91093,8",0,"532,020666",64,"44451,89698","42504,47556","49189,49432","28210,65737","43616,83741",0,0,0,0,0,0,0,0,0,0,0,0,0,0,0
250,2023-11-14,"571,2583041","58543,32368","22478,01392",38673,0,"8027,026322","81419,4",34321,"615,7502255",53,"44095,7616","44451,89698","53495,59723","29398,44438","50546,15876",0,0,0,0,0,0,0,0,0,0,0,0,0,0,0
251,2023-11-15,"542,0607397","48700,18084","24295,31166",38472,0,"14187,89568","74734,8",0,"597,6318258",55,"58543,32368","44095,7616","46699,52261","30109,58868","49195,02614",0,0,0,0,0,0,0,0,0,0,0,0,0,0,0
252,2023-11-16,"493,080798","34037,52895","17932,00924",38276,0,"11913,24716","74665,8",0,"495,4261018",63,"48700,18084","58543,32368","39969,5848","27169,10282","45712,35961",0,0,0,0,0,0,0,0,0,0,0,0,0,0,0
253,2023-11-17,"430,9802171","27255,25074","19079,75063",39279,0,"9687,898935","62010,6",0,"426,2599314",56,"34037,52895","48700,18084","32721,06867","28183,8342","36181,00412",0,0,0,0,0,0,0,0,0,0,0,0,0,0,0
254,2023-11-18,"443,6258627","51454,58555","23484,62446",41530,0,"22717,8","62350,2",0,"543,090891",77,"27255,25074","34037,52895","45874,68941","31278,16114","40216,65587",0,0,0,0,0,0,0,0,0,0,0,0,0,0,0
255,2023-11-19,"475,4631633","23408,56564","16269,06185",43472,0,25971,"71436,6",0,"531,002157",74,"51454,58555","27255,25074","37460,13858","29027,16863","30735,03103",0,0,0,0,0,0,0,0,0,0,0,0,0,0,0
256,2023-11-20,"527,8957408","50585,81915","8035,94746",40726,0,"24355,2","67061,4",0,"527,8001873",57,"23408,56564","51454,58555","47305,03887","23975,05875","45089,15127",0,0,0,0,0,0,0,0,0,0,0,0,0,0,0
257,2023-11-21,"490,1961445","33949,24544","17630,9665",38420,0,"73886,4","63321,6",0,"538,130123",52,"50585,81915","23408,56564","49649,03871","27106,71192","33823,67879",0,0,0,0,0,0,0,0,0,0,0,0,0,0,0
258,2023-11-22,"545,5016515","17650,57742","15517,06889",38325,0,"185464,8","63179,4",0,"622,3137843",62,"33949,24544","50585,81915","66468,33012","26114,91776","32614,10525",0,0,0,0,0,0,0,0,0,0,0,0,0,0,0
259,2023-11-23,"566,9703807","36298,29972","11131,44906",38224,0,"171548,4","63130,2",0,"683,933174",67,"17650,57742","33949,24544","71402,53917","24105,38117","31499,69582",0,0,0,0,0,0,0,0,0,0,0,0,0,0,0
260,2023-11-24,"620,513592","42555,70285","21540,18846",39371,0,"171478,2",64908,0,"665,567746",64,"36298,29972","17650,57742","74590,8857","29328,92024","32535,29627",0,0,0,0,0,0,0,0,0,0,0,0,0,0,0
261,2023-11-25,"704,8032328","71779,74577","16356,63709",41462,0,"195646,2","68962,8",34562,"854,9143273",73,"42555,70285","36298,29972","95281,48657","28060,17455","53170,01235",0,0,0,0,0,0,0,0,0,0,0,0,0,0,0
262,2023-11-26,"718,722775","30292,70157","22473,32093",43494,0,194073,71430,23453,"858,3290579",78,"71779,74577","42555,70285","77489,0851","31809,51627","43422,47545",0,0,0,0,0,0,0,0,0,0,0,0,0,0,0
263,2023-11-27,"614,8604027","44026,73095","14385,30278",40638,0,"128257,8","66756,6",0,"683,790746",59,"30292,70157","71779,74577","66572,47234","26767,1575","50774,09738",0,0,0,0,0,0,0,0,0,0,0,0,0,0,0
264,2023-11-28,"601,5025391","33058,12253","17269,01944",52650,0,"84904,8","63088,2",3453,"689,1700939",60,"44026,73095","30292,70157","51735,84967","34067,91198","34434,44967",0,0,0,0,0,0,0,0,0,0,0,0,0,0,0
265,2023-11-29,"569,0035757","42281,35377","16397,52342",76542,0,"86437,2","63173,4",0,"699,5006052",53,"33058,12253","44026,73095","55815,2008","45637,85271","40921,77412",0,0,0,0,0,0,0,0,0,0,0,0,0,0,0
266,2023-11-30,"569,2872328","27990,73069","13408,20533",73356,0,96924,"63358,2",0,"630,1057756",57,"42281,35377","33058,12253","52041,22604","42707,81263","32807,4852",0,0,0,0,0,0,0,0,0,0,0,0,0,0,0
267,2023-12-01,"588,3665033","18476,21671","9505,3271",75795,0,"83782,8",51663,0,"639,3185907",54,"27990,73069","42281,35377","41601,88069","42185,31413","28808,09617",0,0,0,0,0,0,0,0,0,0,0,0,0,0,0
268,2023-12-02,"679,7626741","51193,67425","12969,79251",80142,0,130575,55749,36543,"783,3381388",74,"18476,21671","27990,73069","68715,11569","45908,73688","36120,2842",0,0,0,0,0,0,0,0,0,0,0,0,0,0,0